Date,Account,StockTicker,CUSIP,SecurityName,Shares,Price,MarketValue,Weightings,NetAssets,SharesOutstanding,CreationUnits,MoneyMarketFlag
05/18/2021,BATT,"002371 C2",BD5LYF1,"NAURA TECHNOLOGY G",74681.00,169.940000,1970207.58,1.22%,162088090.00,10550000,211,
05/18/2021,BATT,"002812 C2",BFCCR30,"YUNNAN ENERGY NEW",120366.00,136.670000,2553778.75,1.58%,162088090.00,10550000,211,
05/18/2021,BATT,"006400 KS",6771645,"SAMSUNG SDI",7731.00,623000.000000,4244096.58,2.62%,162088090.00,10550000,211,
05/18/2021,BATT,"020150 KS",B45LHQ0,"ILJIN MATERIALS CO",16876.00,66100.000000,982952.46,0.61%,162088090.00,10550000,211,
05/18/2021,BATT,"051910 KS",6346913,"LG CHEMICAL",7810.00,860000.000000,5918491.43,3.65%,162088090.00,10550000,211,
05/18/2021,BATT,"066970 KS",6578608,"L&F CO LTD",12427.00,89500.000000,980055.95,0.60%,162088090.00,10550000,211,
05/18/2021,BATT,"082920 KS",B4NYSN5,"VITZROCELL CO LTD",64274.00,13800.000000,781584.53,0.48%,162088090.00,10550000,211,
05/18/2021,BATT,"096770 KS",B232R05,"SK INNOVATION CO",11792.00,274000.000000,2847079.35,1.76%,162088090.00,10550000,211,
05/18/2021,BATT,"1211 HK",6536651,"BYD COMPANY LTD",342232.00,152.900000,6737952.09,4.16%,162088090.00,10550000,211,
05/18/2021,BATT,"1585 HK",BZ04KX9,"YADEA GROUP HOLDIN",353221.00,16.900000,768657.80,0.47%,162088090.00,10550000,211,
05/18/2021,BATT,"1772 HK",BZ9NS11,"GANFENG LITHIUM CO",226094.00,91.000000,2649294.56,1.63%,162088090.00,10550000,211,
05/18/2021,BATT,1853241D,72016P105,"PIEDMONT LITHIUM INC",14179.00,61.000000,864919.00,0.53%,162088090.00,10550000,211,
05/18/2021,BATT,"1958 HK",BTF8BT7,"BAIC MOTOR CORP LT",1275298.00,2.760000,453232.01,0.28%,162088090.00,10550000,211,
05/18/2021,BATT,"2382 HK",B1YBT08,"SUNNY OPTICAL TECH",42723.00,172.500000,948966.01,0.59%,162088090.00,10550000,211,
05/18/2021,BATT,"300014 C2",BD5C7G6,"EVE ENERGY CO LTD",231693.00,101.900000,3665163.42,2.26%,162088090.00,10550000,211,
05/18/2021,BATT,"300450 C2",BD6QWJ5,"WUXI LEAD INTELLIG",154844.00,80.050000,1924252.08,1.19%,162088090.00,10550000,211,
05/18/2021,BATT,"300750 C2",BHQPSY7,"CONTEMPORARY AMPER",202001.00,373.180000,11702485.90,7.22%,162088090.00,10550000,211,
05/18/2021,BATT,"3211 TT",6732028,"DYNAPACK INTL TECH",213742.00,101.500000,773957.87,0.48%,162088090.00,10550000,211,
05/18/2021,BATT,"3993 HK",B1VRCG6,"CHINA MOLYBDENUM C",3302115.00,5.270000,2240797.58,1.38%,162088090.00,10550000,211,
05/18/2021,BATT,"4004 JP",6805469,"SHOWA DENKO KK",36422.00,3610.000000,1204391.50,0.74%,162088090.00,10550000,211,
05/18/2021,BATT,"5713 JP",6858849,"SUMITOMO METAL MNG",40019.00,4694.000000,1720703.36,1.06%,162088090.00,10550000,211,
05/18/2021,BATT,"603799 C1",BFF5BV2,"ZHEJIANG HUAYOU CO",174419.00,82.840000,2243056.07,1.38%,162088090.00,10550000,211,
05/18/2021,BATT,"6121 TT",6421928,"SIMPLO TECHNOLOGY",77406.00,339.500000,937509.79,0.58%,162088090.00,10550000,211,
05/18/2021,BATT,"6619 JP",B5W49C9,"W-SCOPE CO",126991.00,642.000000,746800.60,0.46%,162088090.00,10550000,211,
05/18/2021,BATT,"6674 JP",6744250,"GS YUASA CORP",36344.00,2877.000000,957787.74,0.59%,162088090.00,10550000,211,
05/18/2021,BATT,"6701 JP",6640400,"NEC CORP",39926.00,5150.000000,1883474.40,1.16%,162088090.00,10550000,211,
05/18/2021,BATT,"6752 JP",6572707,"PANASONIC CORP",305804.00,1209.000000,3386617.53,2.09%,162088090.00,10550000,211,
05/18/2021,BATT,"819 HK",B1XDJC7,"TIANNENG POWER INT",220436.00,13.000000,368999.43,0.23%,162088090.00,10550000,211,
05/18/2021,BATT,ALB,012653101,"ALBEMARLE CORP",16027.00,157.790000,2528900.33,1.56%,162088090.00,10550000,211,
05/18/2021,BATT,"AMG NA",B1Z95S1,"AMG ADVANCED METAL",24124.00,28.520000,836494.20,0.52%,162088090.00,10550000,211,
05/18/2021,BATT,"ANTM IJ",6053859,"ANEKA TAMBANG",6264060.00,2510.000000,1100843.03,0.68%,162088090.00,10550000,211,
05/18/2021,BATT,"ARI SJ",6041122,"AFRN RAINBOW MINLS",57469.00,279.000000,1137253.37,0.70%,162088090.00,10550000,211,
05/18/2021,BATT,"ASL GR",BFXG1N9,"AKASOL AG",5791.00,119.800000,843479.39,0.52%,162088090.00,10550000,211,
05/18/2021,BATT,BEEM,07373B109,"BEAM GLOBAL",30801.00,23.100000,711503.10,0.44%,162088090.00,10550000,211,
05/18/2021,BATT,BHP,088606108,"BHP GROUP LTD",142362.00,78.700000,11203889.40,6.91%,162088090.00,10550000,211,
05/18/2021,BATT,BLNK,09354A100,"BLINK CHARGING CO",29330.00,30.750000,901897.50,0.56%,162088090.00,10550000,211,
05/18/2021,BATT,"BMN LN",B4TM394,"BUSHVELD MINERALS",3195971.00,0.152800,690620.09,0.43%,162088090.00,10550000,211,
05/18/2021,BATT,CBAT,14986C102,"CBAK ENERGY TECHNOLOGY INC",221253.00,3.710000,820848.63,0.51%,162088090.00,10550000,211,
05/18/2021,BATT,ENS,29275Y102,ENERSYS,12725.00,91.130000,1159629.25,0.72%,162088090.00,10550000,211,
05/18/2021,BATT,EOSE,29415C101,"EOS ENERGY ENTERPRISES INC",73336.00,12.030000,882232.08,0.54%,162088090.00,10550000,211,
05/18/2021,BATT,"ERA FP",4017017,ERAMET,11347.00,63.150000,871201.28,0.54%,162088090.00,10550000,211,
05/18/2021,BATT,FCEL,35952H601,"FUELCELL ENERGY INC",127274.00,7.950000,1011828.30,0.62%,162088090.00,10550000,211,
05/18/2021,BATT,"FM CN",2347608,"FIRST QUANTUM MINERALS LTD",88942.00,30.500000,2247964.37,1.39%,162088090.00,10550000,211,
05/18/2021,BATT,FSR,33813J106,"FISKER INC",46813.00,11.220000,525241.86,0.32%,162088090.00,10550000,211,
05/18/2021,BATT,FUV,039587100,"ARCIMOTO INC",23109.00,7.990000,184640.91,0.11%,162088090.00,10550000,211,
05/18/2021,BATT,"GLEN LN",B4T3BW6,"GLENCORE PLC",1258030.00,3.251500,5784792.39,3.57%,162088090.00,10550000,211,
05/18/2021,BATT,GOEV,13803R102,"CANOO INC",46168.00,7.550000,348568.40,0.22%,162088090.00,10550000,211,
05/18/2021,BATT,GP,39540E302,"GREENPOWER MTR CO INC",51903.00,16.070000,834081.21,0.51%,162088090.00,10550000,211,
05/18/2021,BATT,"GXY AU",B1LJTM7,"GALAXY RESOURCES",282124.00,3.510000,769476.92,0.47%,162088090.00,10550000,211,
05/18/2021,BATT,HYLN,449109107,"HYLIION HOLDINGS CORP",108363.00,8.950000,969848.85,0.60%,162088090.00,10550000,211,
05/18/2021,BATT,"IGO AU",6439567,"IGO LTD",193994.00,7.360000,1109467.44,0.68%,162088090.00,10550000,211,
05/18/2021,BATT,"INCO IJ",B0217K9,"VALE INDONESIA TBK",2820896.00,5175.000000,1022099.55,0.63%,162088090.00,10550000,211,
05/18/2021,BATT,"INR AU",BGYBHZ4,"IONEER LTD",2850580.00,0.350000,775264.20,0.48%,162088090.00,10550000,211,
05/18/2021,BATT,"JMAT LN",BZ4BQC7,"JOHNSON MATTHEY",34426.00,32.050000,1560370.10,0.96%,162088090.00,10550000,211,
05/18/2021,BATT,"JMS AU",BF4J2C3,"JUPITER MINES LTD",3305426.00,0.280000,719173.90,0.44%,162088090.00,10550000,211,
05/18/2021,BATT,KNDI,483709101,"KANDI TECHNOLOGIES GROUP INC COM",43929.00,5.100000,224037.90,0.14%,162088090.00,10550000,211,
05/18/2021,BATT,"LAC CN",BF4X225,"LITHIUM AMERICAS CORP",68997.00,15.980000,913670.65,0.56%,162088090.00,10550000,211,
05/18/2021,BATT,"LGO CN",BMVS5Y5,"LARGO RESOURCES LTD",52316.00,17.790000,771246.44,0.48%,162088090.00,10550000,211,
05/18/2021,BATT,LI,50202M102,"LI AUTO INC",95421.00,18.850000,1798685.85,1.11%,162088090.00,10550000,211,
05/18/2021,BATT,LTHM,53814L108,"LIVENT CORP",59397.00,17.190000,1021034.43,0.63%,162088090.00,10550000,211,
05/18/2021,BATT,"LUN CN",2866857,"LUNDIN MINING CORP",130636.00,13.590000,1471177.33,0.91%,162088090.00,10550000,211,
05/18/2021,BATT,"MIN AU",B17ZL56,"MINERAL RES LTD",37153.00,44.800000,1293362.76,0.80%,162088090.00,10550000,211,
05/18/2021,BATT,"MNOD LI",BYSW6D0,"MMC NORILSK NICKEL",159010.00,37.010000,5884960.10,3.63%,162088090.00,10550000,211,
05/18/2021,BATT,NIO,62914V106,"NIO INC",184053.00,33.810000,6222831.93,3.84%,162088090.00,10550000,211,
05/18/2021,BATT,NIU,65481N100,"NIU TECHNOLOGIES",14511.00,28.850000,418642.35,0.26%,162088090.00,10550000,211,
05/18/2021,BATT,NKLA,654110105,"NIKOLA CORP",90850.00,12.960000,1177416.00,0.73%,162088090.00,10550000,211,
05/18/2021,BATT,"NLC CN",BDFGHJ1,"NEO LITHIUM CORP",415811.00,2.390000,823524.58,0.51%,162088090.00,10550000,211,
05/18/2021,BATT,"NNO CN",BWCLKK4,"NANO ONE MATLS CORP COM",240882.00,3.870000,772499.14,0.48%,162088090.00,10550000,211,
05/18/2021,BATT,"NOU CN",BMCVHL4,"NOUVEAU MONDE GRAPHITE INC",67700.00,14.140000,793269.53,0.49%,162088090.00,10550000,211,
05/18/2021,BATT,"ORE AU",B293GJ4,"OROCOBRE LTD",168099.00,6.120000,799401.58,0.49%,162088090.00,10550000,211,
05/18/2021,BATT,"PLS AU",B2368L5,"PILBARA MINERALS L",1008563.00,1.075000,842480.67,0.52%,162088090.00,10550000,211,
05/18/2021,BATT,PLUG,72919P202,"PLUG POWER INC",81983.00,24.940000,2044656.02,1.26%,162088090.00,10550000,211,
05/18/2021,BATT,QS,74767V109,"QUANTUMSCAPE CORP",49498.00,27.680000,1370104.64,0.85%,162088090.00,10550000,211,
05/18/2021,BATT,RIDE,54405Q100,"LORDSTOWN MOTORS CORP",43623.00,8.400000,366433.20,0.23%,162088090.00,10550000,211,
05/18/2021,BATT,"S32 AU",BWSW5D9,"SOUTH32 LTD",724762.00,2.960000,1666999.91,1.03%,162088090.00,10550000,211,
05/18/2021,BATT,SEDG,83417M104,"SOLAREDGE TECHNOLOGIES INC",8418.00,218.010000,1835208.18,1.13%,162088090.00,10550000,211,
05/18/2021,BATT,"SLL CN",BDSFRL7,"STANDARD LITHIUM LTD",250751.00,3.840000,797914.93,0.49%,162088090.00,10550000,211,
05/18/2021,BATT,SOLO,284849205,"ELECTRAMECCANICA VEHS CORP",67555.00,3.310000,223607.05,0.14%,162088090.00,10550000,211,
05/18/2021,BATT,SQM,833635105,"SOCIEDAD QUIMICA Y MINERA DE SPON ADR SER B",40175.00,46.960000,1886618.00,1.16%,162088090.00,10550000,211,
05/18/2021,BATT,"TAWXE AU",BZ7PP18,"COWAN LITHIUM LTD NPV",14896.00,0.000000,0.00,0.00%,162088090.00,10550000,211,
05/18/2021,BATT,"TLO CN",B0796T0,"TALON METALS CORP",1454000.00,0.560000,674737.93,0.42%,162088090.00,10550000,211,
05/18/2021,BATT,TSLA,88160R101,"TESLA INC",18330.00,576.830000,10573293.90,6.52%,162088090.00,10550000,211,
05/18/2021,BATT,"UMI BB",BF44466,UMICORE,35038.00,49.990000,2129543.61,1.31%,162088090.00,10550000,211,
05/18/2021,BATT,"VAR1 GR",5802449,"VARTA AG",9131.00,121.750000,1351610.03,0.83%,162088090.00,10550000,211,
05/18/2021,BATT,WKHS,98138J206,"WORKHORSE GROUP INC",38592.00,8.250000,318384.00,0.20%,162088090.00,10550000,211,
05/18/2021,BATT,"WSA AU",6261243,"WESTERN AREAS LTD",398716.00,2.350000,728081.47,0.45%,162088090.00,10550000,211,
05/18/2021,BATT,XL,9837FR100,"XL FLEET CORP",44954.00,6.230000,280063.42,0.17%,162088090.00,10550000,211,
05/18/2021,BATT,XPEV,98422D105,"XPENG INC",88674.00,26.120000,2316164.88,1.43%,162088090.00,10550000,211,
05/18/2021,BATT,Cash&Other,Cash&Other,"Cash & Other",290165.00,1.000000,290165.00,0.18%,162088090.00,10550000,211,Y
05/18/2021,BLOK,"005930 KS",6771720,"SAMSUNG ELECTRONIC",81612.00,79600.000000,5724382.25,0.53%,1070518785.00,24150000,483,
05/18/2021,BLOK,"4689 JP",6084848,"Z HOLDINGS CORP",3666252.00,470.900000,15814216.97,1.48%,1070518785.00,24150000,483,
05/18/2021,BLOK,"4755 JP",6229597,"RAKUTEN GROUP INC",577747.00,1328.000000,7028011.50,0.66%,1070518785.00,24150000,483,
05/18/2021,BLOK,"4819 JP",6309422,"DIGITAL GARAGE",916876.00,4315.000000,36239992.12,3.39%,1070518785.00,24150000,483,
05/18/2021,BLOK,"700 HK",BMMV2K8,"TENCENT HLDGS LTD",89440.00,600.500000,6915834.95,0.65%,1070518785.00,24150000,483,
05/18/2021,BLOK,"8473 JP",6309466,"SBI HOLDINGS INC",1520827.00,2740.000000,38170431.25,3.57%,1070518785.00,24150000,483,
05/18/2021,BLOK,"9449 JP",6170167,"GMO INTERNET INC",1226223.00,2902.000000,32595943.45,3.04%,1070518785.00,24150000,483,
05/18/2021,BLOK,"9984 JP",6770620,"SOFTBANK GROUP CO",124726.00,8431.000000,9632361.51,0.90%,1070518785.00,24150000,483,
05/18/2021,BLOK,ACN,G1151C101,"ACCENTURE PLC IRELAND",61347.00,287.000000,17606589.00,1.64%,1070518785.00,24150000,483,
05/18/2021,BLOK,AMD,007903107,"ADVANCED MICRO DEVICES INC",124743.00,74.650000,9312064.95,0.87%,1070518785.00,24150000,483,
05/18/2021,BLOK,"ARB LN",BZ15CS0,"ARGO BLOCKCHAIN PL",20446985.00,1.380000,39904455.18,3.73%,1070518785.00,24150000,483,
05/18/2021,BLOK,BABA,01609W102,"ALIBABA GROUP HLDG LTD",80993.00,211.050000,17093572.65,1.60%,1070518785.00,24150000,483,
05/18/2021,BLOK,BIDU,056752108,"BAIDU INC",36509.00,189.200000,6907502.80,0.65%,1070518785.00,24150000,483,
05/18/2021,BLOK,"BITF CN",BGMG7B7,"BITFARMS LTD/CANADA",7221532.00,5.880000,35187576.68,3.29%,1070518785.00,24150000,483,
05/18/2021,BLOK,CAN,134748102,"CANAAN INC",2437609.00,9.680000,23596055.12,2.20%,1070518785.00,24150000,483,
05/18/2021,BLOK,CLSK,18452B209,"CLEANSPARK INC",1409409.00,14.660000,20661935.94,1.93%,1070518785.00,24150000,483,
05/18/2021,BLOK,CME,12572Q105,"CME GROUP INC",98272.00,216.430000,21269008.96,1.99%,1070518785.00,24150000,483,
05/18/2021,BLOK,COIN,19260Q107,"COINBASE GLOBAL INC",105539.00,248.240000,26199001.36,2.45%,1070518785.00,24150000,483,
05/18/2021,BLOK,EBON,G3R33A106,"EBANG INTL HLDGS INC",4060868.00,3.010000,12223212.68,1.14%,1070518785.00,24150000,483,
05/18/2021,BLOK,EQOS,Y2074E109,"DIGINEX LIMITED",1885859.00,5.530000,10428800.27,0.97%,1070518785.00,24150000,483,
05/18/2021,BLOK,GBTC,389637109,"GRAYSCALE BITCOIN TR BTC",613514.00,35.500000,21779747.00,2.03%,1070518785.00,24150000,483,
05/18/2021,BLOK,"GLXY CN",BD5H1G9,"GALAXY DIGITAL HOLDINGS LTD",1799814.00,26.520000,39553401.52,3.69%,1070518785.00,24150000,483,
05/18/2021,BLOK,"HIVE CN",BYZ9816,"HIVE BLOCKCHAIN TECHNOLOGIES",12942272.00,3.120000,33461685.22,3.13%,1070518785.00,24150000,483,
05/18/2021,BLOK,"HUT CN",BF11385,"HUT 8 MNG CORP NEW COM",8039973.00,5.010000,33379129.67,3.12%,1070518785.00,24150000,483,
05/18/2021,BLOK,IBM,459200101,"INTERNATIONAL BUSINESS MACHS COM",158317.00,145.110000,22973379.87,2.15%,1070518785.00,24150000,483,
05/18/2021,BLOK,ICE,45866F104,"INTERCONTINENTAL EXCHANGE INC COM",103674.00,112.470000,11660214.78,1.09%,1070518785.00,24150000,483,
05/18/2021,BLOK,JD,47215P106,"JD.COM INC",79889.00,68.210000,5449228.69,0.51%,1070518785.00,24150000,483,
05/18/2021,BLOK,MARA,565788106,"MARATHON DIGITAL HOLDINGS INC COM",1417462.00,22.360000,31694450.32,2.96%,1070518785.00,24150000,483,
05/18/2021,BLOK,MBTCU,G6580S122,"NOCTURNE ACQUISITION CORP",380000.00,10.160000,3860800.00,0.36%,1070518785.00,24150000,483,
05/18/2021,BLOK,MOGO,60800C109,"MOGO INC",2702328.00,7.200000,19456761.60,1.82%,1070518785.00,24150000,483,
05/18/2021,BLOK,MSTR,594972408,"MICROSTRATEGY INC",106858.00,489.350000,52290962.30,4.88%,1070518785.00,24150000,483,
05/18/2021,BLOK,MUDS,62477L107,"MUDRICK CAPITAL ACQU CORP II COM CL A",713100.00,13.410000,9562671.00,0.89%,1070518785.00,24150000,483,
05/18/2021,BLOK,"NB2 GR",BWT5WX6,"NORTHERN DATA AG",266634.00,84.700000,27457628.94,2.56%,1070518785.00,24150000,483,
05/18/2021,BLOK,NDAQ,631103108,"NASDAQ INC",52658.00,163.750000,8622747.50,0.81%,1070518785.00,24150000,483,
05/18/2021,BLOK,NVDA,67066G104,"NVIDIA CORPORATION",49680.00,566.620000,28149681.60,2.63%,1070518785.00,24150000,483,
05/18/2021,BLOK,OPRA,68373M107,"OPERA LTD",1426794.00,10.240000,14610370.56,1.36%,1070518785.00,24150000,483,
05/18/2021,BLOK,ORCL,68389X105,"ORACLE CORP",232943.00,79.080000,18421132.44,1.72%,1070518785.00,24150000,483,
05/18/2021,BLOK,OSTK,690370101,"OVERSTOCK COM INC DEL",370529.00,73.720000,27315397.88,2.55%,1070518785.00,24150000,483,
05/18/2021,BLOK,PYPL,70450Y103,"PAYPAL HLDGS INC",242848.00,244.360000,59342337.28,5.54%,1070518785.00,24150000,483,
05/18/2021,BLOK,RIOT,767292105,"RIOT BLOCKCHAIN INC",925652.00,24.310000,22502600.12,2.10%,1070518785.00,24150000,483,
05/18/2021,BLOK,SI,82837P408,"SILVERGATE CAP CORP",273494.00,91.240000,24953592.56,2.33%,1070518785.00,24150000,483,
05/18/2021,BLOK,SQ,852234103,"SQUARE INC",241791.00,202.920000,49064229.72,4.58%,1070518785.00,24150000,483,
05/18/2021,BLOK,TSM,874039100,"TAIWAN SEMICONDUCTOR MFG LTD SPONSORED ADS",88074.00,109.800000,9670525.20,0.90%,1070518785.00,24150000,483,
05/18/2021,BLOK,V,92826C839,"VISA INC",75439.00,226.440000,17082407.16,1.60%,1070518785.00,24150000,483,
05/18/2021,BLOK,VIH,G9441E100,"VPC IMPACT ACQUISITION HLDNGS SHS CL A",1113243.00,10.310000,11477535.33,1.07%,1070518785.00,24150000,483,
05/18/2021,BLOK,"VONN SW",7123104,"VONTOBEL HLDG AG",96347.00,70.450000,7520520.91,0.70%,1070518785.00,24150000,483,
05/18/2021,BLOK,"VYGR CN",BL9Y6T0,"VOYAGER DIGITAL",2426322.00,21.750000,43731098.82,4.09%,1070518785.00,24150000,483,
05/18/2021,BLOK,WETF,97717P104,"WISDOMTREE INVTS INC",1286130.00,6.680000,8591348.40,0.80%,1070518785.00,24150000,483,
05/18/2021,BLOK,Cash&Other,Cash&Other,"Cash & Other",14383067.47,1.000000,14383067.47,1.34%,1070518785.00,24150000,483,Y
05/18/2021,CNBS,"05475P109 TRS 050322","05475P109 TRS 050322","AYR WELLNESS SWAP",50000.00,27.330000,1366500.00,1.04%,131788800.00,5500000,110,
05/18/2021,CNBS,"197309107 TRS 050322","197309107 TRS 050322","COLUMBIA CARE SWAP",250000.00,6.030000,1507500.00,1.14%,131788800.00,5500000,110,
05/18/2021,CNBS,"22587M106 TRS 050322","22587M106 TRS 050322","CRESCO LABS SWAP",500000.00,11.700000,5850000.00,4.44%,131788800.00,5500000,110,
05/18/2021,CNBS,"23126M102 TRS 050322","23126M102 TRS 050322","CURALEAF HOLDINGS SUB VOT SWAP",450000.00,14.800000,6660000.00,5.05%,131788800.00,5500000,110,
05/18/2021,CNBS,"39342L108 TRS 050322","39342L108 TRS 050322","GREEN THUMB INDUSTRIES SWAP",250000.00,29.000000,7250000.00,5.50%,131788800.00,5500000,110,
05/18/2021,CNBS,"89788C104 TRS 050322","89788C104 TRS 050322","TRULIEVE CANNABIS SWAP",165000.00,40.020000,6603300.00,5.01%,131788800.00,5500000,110,
05/18/2021,CNBS,AFCG,00109K105,"AFC GAMMA INC",356019.00,22.790000,8113673.01,6.16%,131788800.00,5500000,110,
05/18/2021,CNBS,"AH CN",BDRXWQ2,"ALEAFIA HEALTH INC",69080.00,0.395000,22611.64,0.02%,131788800.00,5500000,110,
05/18/2021,CNBS,ARNA,040047607,"ARENA PHARMACEUTICALS INC",4431.00,60.890000,269803.59,0.20%,131788800.00,5500000,110,
05/18/2021,CNBS,CARA,140755109,"CARA THERAPEUTICS INC",149129.00,13.380000,1995346.02,1.51%,131788800.00,5500000,110,
05/18/2021,CNBS,CGC,138035100,"CANOPY GROWTH CORP",302746.00,23.150000,7008569.90,5.32%,131788800.00,5500000,110,
05/18/2021,CNBS,CLVR,186760104,"CLEVER LEAVES HOLDINGS INC",265790.00,8.550000,2272504.50,1.72%,131788800.00,5500000,110,
05/18/2021,CNBS,CRON,22717L101,"CRONOS GROUP INC",502324.00,7.430000,3732267.32,2.83%,131788800.00,5500000,110,
05/18/2021,CNBS,"CWEB CN",BGHY2B1,"CHARLOTTES WEB HOLDINGS INC",1003363.00,4.100000,3408981.40,2.59%,131788800.00,5500000,110,
05/18/2021,CNBS,GNLN,395330103,"GREENLANE HLDGS INC",947044.00,3.690000,3494592.36,2.65%,131788800.00,5500000,110,
05/18/2021,CNBS,GRWG,39986L109,"GROWGENERATION CORP",149276.00,39.180000,5848633.68,4.44%,131788800.00,5500000,110,
05/18/2021,CNBS,HYFM,44888K209,"HYDROFARM HLDGS GROUP INC",118945.00,57.370000,6823874.65,5.18%,131788800.00,5500000,110,
05/18/2021,CNBS,IIPR,45781V101,"INNOVATIVE INDL PPTYS INC",33880.00,172.750000,5852770.00,4.44%,131788800.00,5500000,110,
05/18/2021,CNBS,"IMCC CN",BMVMRW9,"IM CANNABIS CORP COM NPV",61384.00,5.780000,294012.45,0.22%,131788800.00,5500000,110,
05/18/2021,CNBS,JAZZ,G50871105,"JAZZ PHARMACEUTICALS PLC",2890.00,176.800000,510952.00,0.39%,131788800.00,5500000,110,
05/18/2021,CNBS,KERN,00973W102,"AKERNA CORP",227181.00,3.640000,826938.84,0.63%,131788800.00,5500000,110,
05/18/2021,CNBS,"LABS CN",BG87WT7,"MEDIPHARM LABS CORP",3001916.00,0.405000,1007479.58,0.76%,131788800.00,5500000,110,
05/18/2021,CNBS,NEPT,64079L105,"NEPTUNE WELLNESS SOLUTIONS INC COM",1500400.00,1.230000,1845492.00,1.40%,131788800.00,5500000,110,
05/18/2021,CNBS,OGI,68620P101,"ORGANIGRAM HLDGS INC",875783.00,2.580000,2259520.14,1.71%,131788800.00,5500000,110,
05/18/2021,CNBS,PKI,714046109,"PERKINELMER INC",7014.00,143.230000,1004615.22,0.76%,131788800.00,5500000,110,
05/18/2021,CNBS,"RIV CN",BMFBP84,"RIV CAPITAL INC",3653510.00,1.650000,4995476.69,3.79%,131788800.00,5500000,110,
05/18/2021,CNBS,SSPK,G8136L106,"SILVER SPIKE ACQUISITION CORP CL A SHS",649473.00,14.840000,9638179.32,7.31%,131788800.00,5500000,110,
05/18/2021,CNBS,TLRY,88688T100,"TILRAY INC",575314.00,15.160000,8721760.24,6.62%,131788800.00,5500000,110,
05/18/2021,CNBS,VFF,92707Y108,"VILLAGE FARMS INTL INC",756506.00,8.430000,6377345.58,4.84%,131788800.00,5500000,110,
05/18/2021,CNBS,"VLNS CN",BKMPJ38,"THE VALENS COMPANY INC COM",1765592.00,3.500000,5120838.62,3.89%,131788800.00,5500000,110,
05/18/2021,CNBS,"XLY CN",BDGMQB3,"AUXLY CANNABIS GRO COM NPV",2676410.00,0.320000,709717.17,0.54%,131788800.00,5500000,110,
05/18/2021,CNBS,YCBD,12482W101,"CBDMD INC",569250.00,2.840000,1616670.00,1.23%,131788800.00,5500000,110,
05/18/2021,CNBS,ZYNE,98986X109,"ZYNERBA PHARMACEUTICALS INC",236160.00,4.490000,1060358.40,0.80%,131788800.00,5500000,110,
05/18/2021,CNBS,Cash&Other,Cash&Other,"Cash & Other",7718176.82,1.000000,7718176.82,5.86%,131788800.00,5500000,110,Y
05/18/2021,DIVO,AAPL,037833100,"APPLE INC",98477.00,126.270000,12434690.79,2.78%,446676520.00,12400000,248,
05/18/2021,DIVO,AMGN,031162100,"AMGEN INC",52894.00,252.380000,13349387.72,2.99%,446676520.00,12400000,248,
05/18/2021,DIVO,COP,20825C104,CONOCOPHILLIPS,150453.00,58.300000,8771409.90,1.96%,446676520.00,12400000,248,
05/18/2021,DIVO,CVX,166764100,"CHEVRON CORP NEW",215532.00,109.470000,23594288.04,5.28%,446676520.00,12400000,248,
05/18/2021,DIVO,DOW,260557103,"DOW INC",192776.00,70.910000,13669746.16,3.06%,446676520.00,12400000,248,
05/18/2021,DIVO,"DOW   210521C00068500","DOW   210521C00068500","DOW INC  8.5 CAL",-1700.00,2.740000,-465800.00,-0.10%,446676520.00,12400000,248,
05/18/2021,DIVO,DUK,26441C204,"DUKE ENERGY CORP NEW",129136.00,102.450000,13229983.20,2.96%,446676520.00,12400000,248,
05/18/2021,DIVO,GS,38141G104,"GOLDMAN SACHS GROUP INC",57543.00,369.250000,21247752.75,4.76%,446676520.00,12400000,248,
05/18/2021,DIVO,HON,438516106,"HONEYWELL INTL INC",96842.00,226.470000,21931807.74,4.91%,446676520.00,12400000,248,
05/18/2021,DIVO,ICE,45866F104,"INTERCONTINENTAL EXCHANGE INC COM",111465.00,112.470000,12536468.55,2.81%,446676520.00,12400000,248,
05/18/2021,DIVO,JNJ,478160104,"JOHNSON & JOHNSON",133692.00,170.390000,22779779.88,5.10%,446676520.00,12400000,248,
05/18/2021,DIVO,JPM,46625H100,"JPMORGAN CHASE & CO.",105937.00,164.670000,17444645.79,3.91%,446676520.00,12400000,248,
05/18/2021,DIVO,KO,191216100,"COCA COLA CO",242332.00,54.640000,13241020.48,2.96%,446676520.00,12400000,248,
05/18/2021,DIVO,"KO    210604C00055500","KO    210604C00055500","COCA-COL CLL OPT  6/21   55.500",-2000.00,0.405000,-81000.00,-0.02%,446676520.00,12400000,248,
05/18/2021,DIVO,LMT,539830109,"LOCKHEED MARTIN CORP",41394.00,391.120000,16190021.28,3.62%,446676520.00,12400000,248,
05/18/2021,DIVO,MCD,580135101,"MCDONALDS CORP",96558.00,231.680000,22370557.44,5.01%,446676520.00,12400000,248,
05/18/2021,DIVO,MDT,G5960L103,"MEDTRONIC PLC",104611.00,125.530000,13131818.83,2.94%,446676520.00,12400000,248,
05/18/2021,DIVO,MMM,88579Y101,"3M CO",89444.00,205.110000,18345858.84,4.11%,446676520.00,12400000,248,
05/18/2021,DIVO,MSFT,594918104,"MICROSOFT CORP",93039.00,245.180000,22811302.02,5.11%,446676520.00,12400000,248,
05/18/2021,DIVO,"MSFT  210618C00265000","MSFT  210618C00265000","MICROSOF CLL OPT  6/21  265",-800.00,0.780000,-62400.00,-0.01%,446676520.00,12400000,248,
05/18/2021,DIVO,NEM,651639106,"NEWMONT CORP",190046.00,74.000000,14063404.00,3.15%,446676520.00,12400000,248,
05/18/2021,DIVO,NKE,654106103,"NIKE INC",154534.00,136.410000,21079982.94,4.72%,446676520.00,12400000,248,
05/18/2021,DIVO,"NKE   210521C00140000","NKE   210521C00140000","NIKE INC CLL OPT  5/21  140",-1300.00,0.280000,-36400.00,-0.01%,446676520.00,12400000,248,
05/18/2021,DIVO,PG,742718109,"PROCTER AND GAMBLE CO",94762.00,137.730000,13051570.26,2.92%,446676520.00,12400000,248,
05/18/2021,DIVO,UNH,91324P102,"UNITEDHEALTH GROUP INC",63108.00,408.630000,25787822.04,5.77%,446676520.00,12400000,248,
05/18/2021,DIVO,V,92826C839,"VISA INC",97726.00,226.440000,22129075.44,4.95%,446676520.00,12400000,248,
05/18/2021,DIVO,VZ,92343V104,"VERIZON COMMUNICATIONS INC",200642.00,57.940000,11625197.48,2.60%,446676520.00,12400000,248,
05/18/2021,DIVO,WMT,931142103,"WALMART INC",98523.00,138.890000,13683859.47,3.06%,446676520.00,12400000,248,
05/18/2021,DIVO,Cash&Other,Cash&Other,"Cash & Other",38813992.80,1.000000,38813992.80,8.69%,446676520.00,12400000,248,Y
05/18/2021,IBUY,"2678 JP",6294498,"ASKUL CORP",270300.00,3650.000000,9037235.50,0.76%,1185998295.00,10550000,211,
05/18/2021,IBUY,"3092 JP",B292RC1,"ZOZO INC",293100.00,3470.000000,9316268.21,0.79%,1185998295.00,10550000,211,
05/18/2021,IBUY,"4755 JP",6229597,"RAKUTEN GROUP INC",779000.00,1328.000000,9476156.45,0.80%,1185998295.00,10550000,211,
05/18/2021,IBUY,ABNB,009066101,"AIRBNB INC",135211.00,132.500000,17915457.50,1.51%,1185998295.00,10550000,211,
05/18/2021,IBUY,AMZN,023135106,"AMAZON COM INC",6722.00,3270.390000,21983561.58,1.85%,1185998295.00,10550000,211,
05/18/2021,IBUY,"AO. LN",BJTNFH4,"AO WORLD PLC",2823773.00,2.506000,10007460.14,0.84%,1185998295.00,10550000,211,
05/18/2021,IBUY,"ASC LN",3092725,"ASOS PLC",304441.00,48.730000,20980342.42,1.77%,1185998295.00,10550000,211,
05/18/2021,IBUY,BABA,01609W102,"ALIBABA GROUP HLDG LTD",43707.00,211.050000,9224362.35,0.78%,1185998295.00,10550000,211,
05/18/2021,IBUY,BEKE,482497104,"KE HLDGS INC",443298.00,49.890000,22116137.22,1.86%,1185998295.00,10550000,211,
05/18/2021,IBUY,BIGC,08975P108,"BIGCOMMERCE HLDGS INC",439307.00,45.900000,20164191.30,1.70%,1185998295.00,10550000,211,
05/18/2021,IBUY,BKNG,09857L108,"BOOKING HOLDINGS INC",9395.00,2223.150000,20886494.25,1.76%,1185998295.00,10550000,211,
05/18/2021,IBUY,CHGG,163092109,"CHEGG INC",255142.00,75.710000,19316800.82,1.63%,1185998295.00,10550000,211,
05/18/2021,IBUY,CHWY,16679L109,"CHEWY INC",133168.00,70.210000,9349725.28,0.79%,1185998295.00,10550000,211,
05/18/2021,IBUY,CMPR,G2143T103,"CIMPRESS PLC",228510.00,103.700000,23696487.00,2.00%,1185998295.00,10550000,211,
05/18/2021,IBUY,CPNG,22266T109,"COUPANG INC",240230.00,35.180000,8451291.40,0.71%,1185998295.00,10550000,211,
05/18/2021,IBUY,CPRT,217204106,"COPART INC",80840.00,122.950000,9939278.00,0.84%,1185998295.00,10550000,211,
05/18/2021,IBUY,CSPR,147626105,"CASPER SLEEP INC",2578985.00,9.400000,24242459.00,2.04%,1185998295.00,10550000,211,
05/18/2021,IBUY,CVNA,146869102,"CARVANA CO",78218.00,226.560000,17721070.08,1.49%,1185998295.00,10550000,211,
05/18/2021,IBUY,DADA,23344D108,"DADA NEXUS LTD",430758.00,22.230000,9575750.34,0.81%,1185998295.00,10550000,211,
05/18/2021,IBUY,DASH,25809K105,"DOORDASH INC",170942.00,133.790000,22870330.18,1.93%,1185998295.00,10550000,211,
05/18/2021,IBUY,"DHER GR",BZCNB42,"DELIVERY HERO SE",149254.00,103.350000,18754286.81,1.58%,1185998295.00,10550000,211,
05/18/2021,IBUY,EBAY,278642103,"EBAY INC.",376853.00,61.690000,23248061.57,1.96%,1185998295.00,10550000,211,
05/18/2021,IBUY,ETSY,29786A106,"ETSY INC",118917.00,165.180000,19642710.06,1.66%,1185998295.00,10550000,211,
05/18/2021,IBUY,EXPE,30212P303,"EXPEDIA GROUP INC",58001.00,169.450000,9828269.45,0.83%,1185998295.00,10550000,211,
05/18/2021,IBUY,FLWS,68243Q106,"1 800 FLOWERS COM INC",635417.00,33.430000,21241990.31,1.79%,1185998295.00,10550000,211,
05/18/2021,IBUY,FTCH,30744W107,"FARFETCH LTD",210585.00,40.210000,8467622.85,0.71%,1185998295.00,10550000,211,
05/18/2021,IBUY,FVRR,M4R82T106,"FIVERR INTL LTD",119365.00,169.910000,20281307.15,1.71%,1185998295.00,10550000,211,
05/18/2021,IBUY,GRPN,399473206,"GROUPON INC",432372.00,44.010000,19028691.72,1.60%,1185998295.00,10550000,211,
05/18/2021,IBUY,GRUB,400110102,"GRUBHUB INC",150802.00,57.500000,8671115.00,0.73%,1185998295.00,10550000,211,
05/18/2021,IBUY,"HFG GR",BYWH8S0,"HELLOFRESH SE",271760.00,69.140000,22844360.36,1.93%,1185998295.00,10550000,211,
05/18/2021,IBUY,IAC,44891N109,"IAC INTERACTIVECORP NEW",42585.00,224.680000,9567997.80,0.81%,1185998295.00,10550000,211,
05/18/2021,IBUY,IQ,46267X108,"IQIYI INC",697518.00,12.650000,8823602.70,0.74%,1185998295.00,10550000,211,
05/18/2021,IBUY,JD,47215P106,"JD.COM INC",131222.00,68.210000,8950652.62,0.75%,1185998295.00,10550000,211,
05/18/2021,IBUY,JMIA,48138M105,"JUMIA TECHNOLOGIES AG",379609.00,26.120000,9915387.08,0.84%,1185998295.00,10550000,211,
05/18/2021,IBUY,LE,51509F105,"LANDS END INC NEW",934727.00,23.690000,22143682.63,1.87%,1185998295.00,10550000,211,
05/18/2021,IBUY,LQDT,53635B107,"LIQUIDITY SVCS INC",1169894.00,28.140000,32920817.16,2.78%,1185998295.00,10550000,211,
05/18/2021,IBUY,LYFT,55087P104,"LYFT INC",188333.00,49.710000,9362033.43,0.79%,1185998295.00,10550000,211,
05/18/2021,IBUY,MELI,58733R102,"MERCADOLIBRE INC",6485.00,1336.780000,8669018.30,0.73%,1185998295.00,10550000,211,
05/18/2021,IBUY,MMYT,V5633W109,"MAKEMYTRIP LIMITED MAURITIUS SHS",868858.00,25.010000,21730138.58,1.83%,1185998295.00,10550000,211,
05/18/2021,IBUY,MYTE,55406W103,"MYT NETHERLANDS PARENT B V",346077.00,28.620000,9904723.74,0.84%,1185998295.00,10550000,211,
05/18/2021,IBUY,NFLX,64110L106,"NETFLIX INC",44251.00,488.940000,21636083.94,1.82%,1185998295.00,10550000,211,
05/18/2021,IBUY,"OCDO LN",B3MBS74,"OCADO GROUP PLC",363270.00,19.660000,10100109.18,0.85%,1185998295.00,10550000,211,
05/18/2021,IBUY,OSTK,690370101,"OVERSTOCK COM INC DEL",291743.00,73.720000,21507293.96,1.81%,1185998295.00,10550000,211,
05/18/2021,IBUY,"OTB LN",BYM1K75,"ON THE BEACH GROUP",1777357.00,3.600000,9048783.36,0.76%,1185998295.00,10550000,211,
05/18/2021,IBUY,OZON,69269L104,"OZON HLDGS PLC",168747.00,54.390000,9178149.33,0.77%,1185998295.00,10550000,211,
05/18/2021,IBUY,PDD,722304102,"PINDUODUO INC",75601.00,118.020000,8922430.02,0.75%,1185998295.00,10550000,211,
05/18/2021,IBUY,PETS,716382106,"PETMED EXPRESS INC",723375.00,29.470000,21317861.25,1.80%,1185998295.00,10550000,211,
05/18/2021,IBUY,POSH,73739W104,"POSHMARK INC",546490.00,33.990000,18575195.10,1.57%,1185998295.00,10550000,211,
05/18/2021,IBUY,PRPL,74640Y106,"PURPLE INNOVATION INC",698736.00,32.020000,22373526.72,1.89%,1185998295.00,10550000,211,
05/18/2021,IBUY,PRTS,14427M107,"CARPARTS COM INC",1371707.00,15.540000,21316326.78,1.80%,1185998295.00,10550000,211,
05/18/2021,IBUY,PTON,70614W100,"PELOTON INTERACTIVE INC",265653.00,92.290000,24517115.37,2.07%,1185998295.00,10550000,211,
05/18/2021,IBUY,PYPL,70450Y103,"PAYPAL HLDGS INC",88717.00,244.360000,21678886.12,1.83%,1185998295.00,10550000,211,
05/18/2021,IBUY,QRTEA,74915M100,"QURATE RETAIL INC",1863092.00,12.810000,23866208.52,2.01%,1185998295.00,10550000,211,
05/18/2021,IBUY,REAL,88339P101,"THE REALREAL INC",909917.00,14.550000,13239292.35,1.12%,1185998295.00,10550000,211,
05/18/2021,IBUY,RVLV,76156B107,"REVOLVE GROUP INC",414408.00,47.300000,19601498.40,1.65%,1185998295.00,10550000,211,
05/18/2021,IBUY,SFIX,860897107,"STITCH FIX INC",549372.00,43.865000,24098202.78,2.03%,1185998295.00,10550000,211,
05/18/2021,IBUY,SHOP,82509L107,"SHOPIFY INC",8861.00,1096.390000,9715111.79,0.82%,1185998295.00,10550000,211,
05/18/2021,IBUY,SPOT,L8681T102,"SPOTIFY TECHNOLOGY S A",41386.00,223.330000,9242735.38,0.78%,1185998295.00,10550000,211,
05/18/2021,IBUY,SSTK,825690100,"SHUTTERSTOCK INC",257722.00,85.240000,21968223.28,1.85%,1185998295.00,10550000,211,
05/18/2021,IBUY,STMP,852857200,"STAMPS COM INC",114679.00,177.620000,20369283.98,1.72%,1185998295.00,10550000,211,
05/18/2021,IBUY,TCOM,89677Q107,"TRIP.COM GROUP",257717.00,38.920000,10030345.64,0.85%,1185998295.00,10550000,211,
05/18/2021,IBUY,TDUP,88556E102,"THREDUP INC",1282707.00,18.900000,24243162.30,2.04%,1185998295.00,10550000,211,
05/18/2021,IBUY,"THG LN",BMTV739,"THG PLC",1164576.00,6.040000,9947588.13,0.84%,1185998295.00,10550000,211,
05/18/2021,IBUY,"TKWY NA",BYQ7HZ6,"JUST EAT TAKEAWAY",99070.00,71.500000,8612164.13,0.73%,1185998295.00,10550000,211,
05/18/2021,IBUY,TRIP,896945201,"TRIPADVISOR INC",482991.00,41.000000,19802631.00,1.67%,1185998295.00,10550000,211,
05/18/2021,IBUY,UBER,90353T100,"UBER TECHNOLOGIES INC",428826.00,47.510000,20373523.26,1.72%,1185998295.00,10550000,211,
05/18/2021,IBUY,UPWK,91688F104,"UPWORK INC",535698.00,40.150000,21508274.70,1.81%,1185998295.00,10550000,211,
05/18/2021,IBUY,VIPS,92763W103,"VIPSHOP HOLDINGS LIMITED",338173.00,24.310000,8220985.63,0.69%,1185998295.00,10550000,211,
05/18/2021,IBUY,VRM,92918V109,"VROOM INC",494314.00,40.150000,19846707.10,1.67%,1185998295.00,10550000,211,
05/18/2021,IBUY,W,94419L101,"WAYFAIR INC",81007.00,301.630000,24434141.41,2.06%,1185998295.00,10550000,211,
05/18/2021,IBUY,WISH,21077C107,"CONTEXTLOGIC INC",1744605.00,8.780000,15317631.90,1.29%,1185998295.00,10550000,211,
05/18/2021,IBUY,"ZAL GR",BQV0SV7,"ZALANDO SE",96784.00,85.400000,10049062.13,0.85%,1185998295.00,10550000,211,
05/18/2021,IBUY,"ZO1 GR",B2R9XL5,"ZOOPLUS AG",32469.00,227.400000,8976839.64,0.76%,1185998295.00,10550000,211,
05/18/2021,IBUY,Cash&Other,Cash&Other,"Cash & Other",2074812.51,1.000000,2074812.51,0.17%,1185998295.00,10550000,211,Y
05/18/2021,ISWN,912810SP4,912810SP4,"UNITED STATES TREAS BDS 1.375% 08/15/2050",7243000.00,78.818359,5708813.74,17.27%,33051727.50,1325000,53,
05/18/2021,ISWN,91282CAE1,91282CAE1,"UNITED STATES TREAS NTS 0.625% 08/15/2030",5425000.00,91.691406,4974258.78,15.05%,33051727.50,1325000,53,
05/18/2021,ISWN,91282CAP6,91282CAP6,"UNITED STATES TREAS NTS 0.125% 10/15/2023",5291000.00,99.794922,5280149.32,15.98%,33051727.50,1325000,53,
05/18/2021,ISWN,91282CAR2,91282CAR2,"UNITED STATES TREAS NTS 0.125% 10/31/2022",258000.00,100.023438,258060.47,0.78%,33051727.50,1325000,53,
05/18/2021,ISWN,91282CAT8,91282CAT8,"UNITED STATES TREAS NTS 0.25% 10/31/2025",5317000.00,97.966797,5208894.60,15.76%,33051727.50,1325000,53,
05/18/2021,ISWN,91282CAU5,91282CAU5,"UNITED STATES TREAS NTS 0.5% 10/31/2027",5339000.00,95.669922,5107817.14,15.45%,33051727.50,1325000,53,
05/18/2021,ISWN,"EFA   210618C00053000","EFA   210618C00053000","ISHARES  CLL OPT  6/21   53",1498.00,26.425000,3958465.00,11.98%,33051727.50,1325000,53,
05/18/2021,ISWN,"EFA   211217C00063000","EFA   211217C00063000","ISHARES  CLL OPT 12/21   63",1509.00,16.575000,2501167.50,7.57%,33051727.50,1325000,53,
05/18/2021,ISWN,Cash&Other,Cash&Other,"Cash & Other",53986.90,1.000000,53986.90,0.16%,33051727.50,1325000,53,Y
05/18/2021,JGLD,"AGI CN",BZ3DNP6,"ALAMOS GOLD INC-CLASS A",6189.00,11.070000,56724.81,2.03%,2795710.00,100000,4,
05/18/2021,JGLD,"ALK AU",6014027,"ALKANE RESOURCES",62233.00,0.875000,42286.06,1.51%,2795710.00,100000,4,
05/18/2021,JGLD,"AR CN",B50H726,"ARGONAUT GOLD INC",23768.00,2.950000,58052.33,2.08%,2795710.00,100000,4,
05/18/2021,JGLD,B669XF8,B669XF8,"NOVO RES CORP COM",11659.00,2.300000,22202.10,0.79%,2795710.00,100000,4,
05/18/2021,JGLD,BK9RML6,BK9RML6,"KARORA RESOURCES INC",14381.00,4.030000,47984.29,1.72%,2795710.00,100000,4,
05/18/2021,JGLD,BLBCH11,BLBCH11,"GREAT BEAR RES LTD NEW CL A COM",1985.00,14.590000,23978.43,0.86%,2795710.00,100000,4,
05/18/2021,JGLD,"BTO CN",B29VFC4,"B2GOLD CORP COM",11470.00,6.420000,60968.21,2.18%,2795710.00,100000,4,
05/18/2021,JGLD,CDE,192108504,"COEUR MINING INC.",6743.00,10.390000,70059.77,2.51%,2795710.00,100000,4,
05/18/2021,JGLD,"CEY LN",B5TT187,"CENTAMIN PLC",34742.00,1.210000,59355.33,2.12%,2795710.00,100000,4,
05/18/2021,JGLD,"CG CN",B01NXQ4,"CENTERRA GOLD INC",5512.00,8.660000,39521.38,1.41%,2795710.00,100000,4,
05/18/2021,JGLD,CMCL,G1757E113,"CALEDONIA MNG CORP PLC",2774.00,15.450000,42858.30,1.53%,2795710.00,100000,4,
05/18/2021,JGLD,"CXB CN",BGYKMJ0,"CALIBRE MNG CORP COM NEW",18740.00,2.030000,31497.10,1.13%,2795710.00,100000,4,
05/18/2021,JGLD,"DCN AU",B8N9RJ7,"DACIAN GOLD LTD",95451.00,0.335000,24830.97,0.89%,2795710.00,100000,4,
05/18/2021,JGLD,"DPM CN",B00VD03,"DUNDEE PRECIOUS METALS INC COM",7285.00,8.570000,51691.05,1.85%,2795710.00,100000,4,
05/18/2021,JGLD,DRD,26152H301,"DRDGOLD LIMITED",5003.00,12.200000,61036.60,2.18%,2795710.00,100000,4,
05/18/2021,JGLD,"ELD CN",BHZJ5Y9,"ELDORANDO GOLD CORP NEW COM",4604.00,14.060000,53595.16,1.92%,2795710.00,100000,4,
05/18/2021,JGLD,"EQX CN",BKLNP13,"EQUINOX GOLD CORP",5888.00,11.000000,53624.77,1.92%,2795710.00,100000,4,
05/18/2021,JGLD,"EVN AU",B3X0F91,"EVOLUTION MINING",16636.00,5.120000,66143.52,2.37%,2795710.00,100000,4,
05/18/2021,JGLD,"GCM CN",BDDYDZ5,"GRAN COLOMBIA GOLD CORP COM NEW",10967.00,5.570000,50576.41,1.81%,2795710.00,100000,4,
05/18/2021,JGLD,"GGP LN",B15XDH8,"GREATLAND GOLD",139392.00,0.204000,40150.19,1.44%,2795710.00,100000,4,
05/18/2021,JGLD,"GOR AU",B15F5K1,"GOLD ROAD RES LTD",53678.00,1.390000,57940.14,2.07%,2795710.00,100000,4,
05/18/2021,JGLD,GPL,39115V101,"GREAT PANTHER MNG LTD",60617.00,0.875000,53039.88,1.90%,2795710.00,100000,4,
05/18/2021,JGLD,GSS,38119T807,"GOLDEN STAR RES LTD CDA",15119.00,3.600000,54428.40,1.95%,2795710.00,100000,4,
05/18/2021,JGLD,GSV,380738104,"GOLD STD VENTURES CORP",59935.00,0.611300,36638.27,1.31%,2795710.00,100000,4,
05/18/2021,JGLD,"IMG CN",2446646,"IAMGOLD INTL AFRICAN MNG GOLD",15403.00,4.350000,55475.29,1.98%,2795710.00,100000,4,
05/18/2021,JGLD,"JAG CN",BL64R56,"JAGUAR MINING INC",8292.00,6.880000,47233.78,1.69%,2795710.00,100000,4,
05/18/2021,JGLD,"KNT CN",BYZ2CB3,"K92 MINING",8504.00,8.060000,56749.66,2.03%,2795710.00,100000,4,
05/18/2021,JGLD,"KOZAL TI",B3LP189,"KOZA ALTIN ISLETME",6157.00,128.500000,94950.44,3.40%,2795710.00,100000,4,
05/18/2021,JGLD,"LUG CN",BTKSSY6,"LUNDIN GOLD INC",5711.00,12.230000,57828.72,2.07%,2795710.00,100000,4,
05/18/2021,JGLD,MUX,58039P107,"MCEWEN MNG INC",43224.00,1.360000,58784.64,2.10%,2795710.00,100000,4,
05/18/2021,JGLD,"NG CN",2135450,"NOVAGOLD REOURCES INC",3638.00,12.400000,37349.89,1.34%,2795710.00,100000,4,
05/18/2021,JGLD,"OGC CN",B1Z7L21,"OCEANAGOLD CORP",29453.00,2.640000,64378.14,2.30%,2795710.00,100000,4,
05/18/2021,JGLD,"OR CN",BN60CQ4,"OSISKO GOLD ROYALTIES LT-W/I",4123.00,17.150000,58544.01,2.09%,2795710.00,100000,4,
05/18/2021,JGLD,"OSK CN",BDBCBP7,"OSISKO MINING INC",13771.00,3.240000,36941.58,1.32%,2795710.00,100000,4,
05/18/2021,JGLD,"PAF LN",0430049,"PAN AFRICAN RES",128094.00,0.199200,36027.79,1.29%,2795710.00,100000,4,
05/18/2021,JGLD,"POG LN",3154454,"PETROPAVLOVSK PLC",143014.00,0.258400,52178.38,1.87%,2795710.00,100000,4,
05/18/2021,JGLD,"PRU AU",B02FBC1,"PERSEUS MINING LTD",54798.00,1.280000,54468.21,1.95%,2795710.00,100000,4,
05/18/2021,JGLD,"PVG CN",B57Q8S9,"PRETIUM RES INC COM",4412.00,14.170000,51761.91,1.85%,2795710.00,100000,4,
05/18/2021,JGLD,"RED AU",6367550,"RED 5",239771.00,0.200000,37238.75,1.33%,2795710.00,100000,4,
05/18/2021,JGLD,RGLD,780287108,"ROYAL GOLD INC",552.00,128.080000,70700.16,2.53%,2795710.00,100000,4,
05/18/2021,JGLD,"RMS AU",6586872,"RAMELIUS RESOURCES",40368.00,1.875000,58776.94,2.10%,2795710.00,100000,4,
05/18/2021,JGLD,"ROXG CN",B1N9N12,"ROXGOLD INC COM",17876.00,2.250000,33301.04,1.19%,2795710.00,100000,4,
05/18/2021,JGLD,"RRL AU",6476542,"REGIS RESOURCES LT",21616.00,2.630000,44146.83,1.58%,2795710.00,100000,4,
05/18/2021,JGLD,"RSG AU",6410636,"RESOLUTE MINING",135156.00,0.620000,65072.20,2.33%,2795710.00,100000,4,
05/18/2021,JGLD,SA,811916105,"SEABRIDGE GOLD INC",2059.00,18.940000,38997.46,1.39%,2795710.00,100000,4,
05/18/2021,JGLD,"SBB CN",2764779,"SABINA GOLD & SILVER CORP COM",19773.00,1.820000,29795.38,1.07%,2795710.00,100000,4,
05/18/2021,JGLD,"SBM AU",6317072,"ST BARBARA LIMITED",31274.00,2.050000,49785.83,1.78%,2795710.00,100000,4,
05/18/2021,JGLD,"SLR AU",B28RMY4,"SILVER LAKE RES",38123.00,1.920000,56840.35,2.03%,2795710.00,100000,4,
05/18/2021,JGLD,"SSL CN",B7YC668,"SANDSTORM GOLD LTD",6475.00,10.540000,56504.80,2.02%,2795710.00,100000,4,
05/18/2021,JGLD,"SSRM CN",BF7MPL9,"SSR MINING INC COM NPV",3332.00,22.250000,61381.85,2.20%,2795710.00,100000,4,
05/18/2021,JGLD,"TXG CN",BD2NKY1,"TOREX GOLD RES INC COM NEW",3621.00,17.390000,52135.44,1.86%,2795710.00,100000,4,
05/18/2021,JGLD,"WAF AU",B4KBBN0,"WEST AFRICAN RES",66407.00,1.035000,53373.13,1.91%,2795710.00,100000,4,
05/18/2021,JGLD,"WDO CN",B0Y90N5,"WESDOME GOLD MINES LTD",6461.00,9.840000,52638.05,1.88%,2795710.00,100000,4,
05/18/2021,JGLD,"WGX AU",BYVQ673,"WESTGOLD RESOURCES",28954.00,2.120000,47666.46,1.70%,2795710.00,100000,4,
05/18/2021,JGLD,"YRI CN",2219279,"YAMANA GOLD INC",11520.00,6.490000,61901.64,2.21%,2795710.00,100000,4,
05/18/2021,JGLD,Cash&Other,Cash&Other,"Cash & Other",3560.25,1.000000,3560.25,0.13%,2795710.00,100000,4,Y
05/18/2021,LEND,AFRM,00827B106,"AFFIRM HLDGS INC",1527.00,50.600000,77266.20,6.88%,1123342.50,75000,3,
05/18/2021,LEND,AIHS,817225105,"SENMIAO TECHNOLOGY LTD",954.00,0.730000,696.42,0.06%,1123342.50,75000,3,
05/18/2021,LEND,ALLY,02005N100,"ALLY FINL INC",525.00,54.180000,28444.50,2.53%,1123342.50,75000,3,
05/18/2021,LEND,AMZN,023135106,"AMAZON COM INC",3.00,3270.390000,9811.17,0.87%,1123342.50,75000,3,
05/18/2021,LEND,BAC,060505104,"BK OF AMERICA CORP",621.00,42.740000,26541.54,2.36%,1123342.50,75000,3,
05/18/2021,LEND,C,172967424,"CITIGROUP INC",330.00,77.420000,25548.60,2.27%,1123342.50,75000,3,
05/18/2021,LEND,CLGX,21871D103,"CORELOGIC INC",42.00,79.500000,3339.00,0.30%,1123342.50,75000,3,
05/18/2021,LEND,CNF,18979T105,"CNFINANCE HLDGS LTD",1521.00,3.400000,5171.40,0.46%,1123342.50,75000,3,
05/18/2021,LEND,COF,14040H105,"CAPITAL ONE FINL CORP",186.00,159.900000,29741.40,2.65%,1123342.50,75000,3,
05/18/2021,LEND,DNB,26484T106,"DUN & BRADSTREET HLDGS INC",249.00,21.860000,5443.14,0.48%,1123342.50,75000,3,
05/18/2021,LEND,EFX,294429105,"EQUIFAX INC",69.00,237.690000,16400.61,1.46%,1123342.50,75000,3,
05/18/2021,LEND,ELVT,28621V101,"ELEVATE CREDIT INC",2358.00,3.600000,8488.80,0.76%,1123342.50,75000,3,
05/18/2021,LEND,ENVA,29357K103,"ENOVA INTL INC",1629.00,35.810000,58334.49,5.19%,1123342.50,75000,3,
05/18/2021,LEND,FB,30303M102,"FACEBOOK INC",45.00,315.460000,14195.70,1.26%,1123342.50,75000,3,
05/18/2021,LEND,FICO,303250104,"FAIR ISAAC CORP",18.00,490.190000,8823.42,0.79%,1123342.50,75000,3,
05/18/2021,LEND,FINV,31810T101,"FINVOLUTION GROUP",1089.00,7.180000,7819.02,0.70%,1123342.50,75000,3,
05/18/2021,LEND,FIS,31620M106,"FIDELITY NATL INFORMATION SVCS COM",357.00,148.950000,53175.15,4.73%,1123342.50,75000,3,
05/18/2021,LEND,FISV,337738108,"FISERV INC",381.00,112.820000,42984.42,3.83%,1123342.50,75000,3,
05/18/2021,LEND,GDOT,39304D102,"GREEN DOT CORP",30.00,40.450000,1213.50,0.11%,1123342.50,75000,3,
05/18/2021,LEND,GPN,37940X102,"GLOBAL PMTS INC",168.00,196.810000,33064.08,2.94%,1123342.50,75000,3,
05/18/2021,LEND,GS,38141G104,"GOLDMAN SACHS GROUP INC",75.00,369.250000,27693.75,2.47%,1123342.50,75000,3,
05/18/2021,LEND,GSKY,39572G100,"GREENSKY INC",4815.00,5.960000,28697.40,2.55%,1123342.50,75000,3,
05/18/2021,LEND,HX,98422P108,"XIAOBAI MAIMAI INC",1146.00,1.420000,1627.32,0.14%,1123342.50,75000,3,
05/18/2021,LEND,JFIN,47737C104,"JIAYIN GROUP INC",258.00,5.510000,1421.58,0.13%,1123342.50,75000,3,
05/18/2021,LEND,JFU,65442R109,"9F INC",576.00,1.320000,760.32,0.07%,1123342.50,75000,3,
05/18/2021,LEND,JPM,46625H100,"JPMORGAN CHASE & CO.",156.00,164.670000,25688.52,2.29%,1123342.50,75000,3,
05/18/2021,LEND,JT,47738D309,"JIANPU TECHNOLOGY INC",1431.00,2.730000,3906.63,0.35%,1123342.50,75000,3,
05/18/2021,LEND,LC,52603A208,"LENDINGCLUB CORP",5052.00,12.880000,65069.76,5.79%,1123342.50,75000,3,
05/18/2021,LEND,LU,54975P102,"LUFAX HOLDING LTD",9462.00,11.980000,113354.76,10.09%,1123342.50,75000,3,
05/18/2021,LEND,LX,528877103,"LEXINFINTECH HLDGS LTD",882.00,8.240000,7267.68,0.65%,1123342.50,75000,3,
05/18/2021,LEND,MELI,58733R102,"MERCADOLIBRE INC",3.00,1336.780000,4010.34,0.36%,1123342.50,75000,3,
05/18/2021,LEND,OMF,68268W103,"ONEMAIN HLDGS INC",75.00,54.640000,4098.00,0.36%,1123342.50,75000,3,
05/18/2021,LEND,PAGS,G68707101,"PAGSEGURO DIGITAL LTD",135.00,41.460000,5597.10,0.50%,1123342.50,75000,3,
05/18/2021,LEND,PNC,693475105,"PNC FINL SVCS GROUP INC",132.00,199.030000,26271.96,2.34%,1123342.50,75000,3,
05/18/2021,LEND,PYPL,70450Y103,"PAYPAL HLDGS INC",51.00,244.360000,12462.36,1.11%,1123342.50,75000,3,
05/18/2021,LEND,QD,747798106,"QUDIAN INC",2772.00,1.950000,5405.40,0.48%,1123342.50,75000,3,
05/18/2021,LEND,QFIN,88557W101,"360 DIGITECH INC",201.00,24.510000,4926.51,0.44%,1123342.50,75000,3,
05/18/2021,LEND,SOS,83587W106,"SOS LIMITED SPNSORD ADS NEW",960.00,3.260000,3129.60,0.28%,1123342.50,75000,3,
05/18/2021,LEND,SQ,852234103,"SQUARE INC",57.00,202.920000,11566.44,1.03%,1123342.50,75000,3,
05/18/2021,LEND,TD,891160509,"TORONTO DOMINION BK ONT",363.00,73.260000,26593.38,2.37%,1123342.50,75000,3,
05/18/2021,LEND,TFC,89832Q109,"TRUIST FINANCIAL CORP",405.00,62.020000,25118.10,2.24%,1123342.50,75000,3,
05/18/2021,LEND,TREE,52603B107,"LENDINGTREE INC NEW",711.00,185.110000,131613.21,11.72%,1123342.50,75000,3,
05/18/2021,LEND,TRU,89400J107,TRANSUNION,111.00,108.040000,11992.44,1.07%,1123342.50,75000,3,
05/18/2021,LEND,UPST,91680M107,"UPSTART HLDGS INC",648.00,115.000000,74520.00,6.63%,1123342.50,75000,3,
05/18/2021,LEND,WEI,94861A108,"WEIDAI LTD",4050.00,1.050000,4252.50,0.38%,1123342.50,75000,3,
05/18/2021,LEND,WFC,949746101,"WELLS FARGO CO NEW",600.00,47.900000,28740.00,2.56%,1123342.50,75000,3,
05/18/2021,LEND,XYF,98372W202,"X FINL",1746.00,4.560000,7961.76,0.71%,1123342.50,75000,3,
05/18/2021,LEND,YRD,98585L100,"YIREN DIGITAL LTD",552.00,3.660000,2020.32,0.18%,1123342.50,75000,3,
05/18/2021,LEND,Cash&Other,Cash&Other,"Cash & Other",1061.40,1.000000,1061.40,0.09%,1123342.50,75000,3,Y
05/18/2021,SWAN,912810SP4,912810SP4,"UNITED STATES TREAS BDS 1.375% 08/15/2050",165369000.00,78.818359,130341132.09,17.22%,756933216.00,22830000,2283,
05/18/2021,SWAN,91282CAE1,91282CAE1,"UNITED STATES TREAS NTS 0.625% 08/15/2030",124198000.00,91.691406,113878892.42,15.04%,756933216.00,22830000,2283,
05/18/2021,SWAN,91282CAP6,91282CAP6,"UNITED STATES TREAS NTS 0.125% 10/15/2023",121167000.00,99.794922,120918513.14,15.97%,756933216.00,22830000,2283,
05/18/2021,SWAN,91282CAR2,91282CAR2,"UNITED STATES TREAS NTS 0.125% 10/31/2022",5640000.00,100.023438,5641321.90,0.75%,756933216.00,22830000,2283,
05/18/2021,SWAN,91282CAT8,91282CAT8,"UNITED STATES TREAS NTS 0.25% 10/31/2025",121767000.00,97.966797,119291229.70,15.76%,756933216.00,22830000,2283,
05/18/2021,SWAN,91282CAU5,91282CAU5,"UNITED STATES TREAS NTS 0.5% 10/31/2027",122268000.00,95.669922,116973700.23,15.45%,756933216.00,22830000,2283,
05/18/2021,SWAN,"SPY   210618C00265000","SPY   210618C00265000","SPDR S&P CLL OPT  6/21  265",5733.00,150.780000,86442174.00,11.42%,756933216.00,22830000,2283,
05/18/2021,SWAN,"SPY   211217C00324000","SPY   211217C00324000","SPDR S&P CLL OPT 12/21  324",6428.00,96.025000,61724870.00,8.15%,756933216.00,22830000,2283,
05/18/2021,SWAN,Cash&Other,Cash&Other,"Cash & Other",1722570.19,1.000000,1722570.19,0.23%,756933216.00,22830000,2283,Y
05/18/2021,XBUY,"053280 KS",B2R9J40,"YES24 CO LTD",25610.00,17650.000000,398305.06,1.77%,22443840.00,450000,18,
05/18/2021,XBUY,"159580 KS",B7Y38Q5,"ZERO TO SEVEN INC",16535.00,14550.000000,211996.52,0.94%,22443840.00,450000,18,
05/18/2021,XBUY,"2484 JP",B13V385,"DEMAE-CAN CO LTD",18100.00,1727.000000,286291.16,1.28%,22443840.00,450000,18,
05/18/2021,XBUY,"2678 JP",6294498,"ASKUL CORP",10300.00,3650.000000,344323.85,1.53%,22443840.00,450000,18,
05/18/2021,XBUY,"2858 HK",BF37VN2,"YIXIN GROUP LTD",430500.00,2.660000,147442.90,0.66%,22443840.00,450000,18,
05/18/2021,XBUY,"2930 JP",B7TYN35,"KITANOTATSUJIN COR",28800.00,478.000000,126083.25,0.56%,22443840.00,450000,18,
05/18/2021,XBUY,"3064 JP",B1GHR88,"MONOTARO CO.LTD",13800.00,2389.000000,301948.07,1.35%,22443840.00,450000,18,
05/18/2021,XBUY,"3092 JP",B292RC1,"ZOZO INC",12600.00,3470.000000,400439.62,1.78%,22443840.00,450000,18,
05/18/2021,XBUY,"3179 JP",B92RW72,"SYUPPIN CO LTD",17900.00,934.000000,153121.77,0.68%,22443840.00,450000,18,
05/18/2021,XBUY,"3182 JP",B7KT0D8,"OISIX RA DAICHI IN",14500.00,3270.000000,434262.95,1.93%,22443840.00,450000,18,
05/18/2021,XBUY,"3660 JP",B7JCJZ3,"ISTYLE INC",91200.00,482.000000,402604.75,1.79%,22443840.00,450000,18,
05/18/2021,XBUY,"3926 JP",BYM5YY2,"OPEN DOOR INC",10400.00,2018.000000,192216.88,0.86%,22443840.00,450000,18,
05/18/2021,XBUY,"400 HK",BP46XQ5,"COGOBUY GROUP",545000.00,1.920000,134730.77,0.60%,22443840.00,450000,18,
05/18/2021,XBUY,"4385 JP",BG0GM14,"MERCARI INC",8300.00,4800.000000,364885.29,1.63%,22443840.00,450000,18,
05/18/2021,XBUY,"4755 JP",6229597,"RAKUTEN GROUP INC",32800.00,1328.000000,398941.25,1.78%,22443840.00,450000,18,
05/18/2021,XBUY,"6191 JP",BYQ3G35,"AIRTRIP CORP",19400.00,2229.000000,396048.91,1.76%,22443840.00,450000,18,
05/18/2021,XBUY,"700 HK",BMMV2K8,"TENCENT HLDGS LTD",4700.00,600.500000,363395.82,1.62%,22443840.00,450000,18,
05/18/2021,XBUY,"772 HK",BYP71J9,"CHINA LITERATURE L",35800.00,77.250000,356082.46,1.59%,22443840.00,450000,18,
05/18/2021,XBUY,"AO. LN",BJTNFH4,"AO WORLD PLC",39366.00,2.506000,139290.63,0.62%,22443840.00,450000,18,
05/18/2021,XBUY,"ASC LN",3092725,"ASOS PLC",4914.00,48.730000,338104.63,1.51%,22443840.00,450000,18,
05/18/2021,XBUY,B05DVL1,B05DVL1,"PCHOME ONLINE INC.",55000.00,115.500000,226624.09,1.01%,22443840.00,450000,18,
05/18/2021,XBUY,BABA,01609W102,"ALIBABA GROUP HLDG LTD",1620.00,211.050000,341901.00,1.52%,22443840.00,450000,18,
05/18/2021,XBUY,BEKE,482497104,"KE HLDGS INC",6876.00,49.890000,343043.64,1.53%,22443840.00,450000,18,
05/18/2021,XBUY,"BHG SS",BD45357,"BHG GROUP AB",21132.00,145.000000,367409.49,1.64%,22443840.00,450000,18,
05/18/2021,XBUY,"BOO LN",BG6L729,"BOOHOO GROUP PLC",82880.00,3.200000,374471.93,1.67%,22443840.00,450000,18,
05/18/2021,XBUY,"BOOZT SS",BZ30KS9,"BOOZT AB",17818.00,183.500000,392045.78,1.75%,22443840.00,450000,18,
05/18/2021,XBUY,"BTOW3 BZ",B1LH3Y1,"B2W CIA DIGITAL",35600.00,58.120000,393655.31,1.75%,22443840.00,450000,18,
05/18/2021,XBUY,"BWNG LN",B1P6ZR1,BROWN(N)GROUP,181524.00,0.720500,184666.27,0.82%,22443840.00,450000,18,
05/18/2021,XBUY,BZUN,06684L103,"BAOZUN INC",9902.00,32.070000,317557.14,1.41%,22443840.00,450000,18,
05/18/2021,XBUY,CMPR,G2143T103,"CIMPRESS PLC",3661.00,103.700000,379645.70,1.69%,22443840.00,450000,18,
05/18/2021,XBUY,CPNG,22266T109,"COUPANG INC",8658.00,35.180000,304588.44,1.36%,22443840.00,450000,18,
05/18/2021,XBUY,DADA,23344D108,"DADA NEXUS LTD",13908.00,22.230000,309174.84,1.38%,22443840.00,450000,18,
05/18/2021,XBUY,DESP,G27358103,"DESPEGAR COM CORP",29448.00,12.690000,373695.12,1.67%,22443840.00,450000,18,
05/18/2021,XBUY,"DHER GR",BZCNB42,"DELIVERY HERO SE",2894.00,103.350000,363252.57,1.62%,22443840.00,450000,18,
05/18/2021,XBUY,"DUST SS",BVFB413,"DUSTIN GROUP AB",16002.00,101.200000,194176.44,0.87%,22443840.00,450000,18,
05/18/2021,XBUY,"FD CN",BJVJJ34,"FACEDRIVE INC COM",23307.00,14.750000,284631.77,1.27%,22443840.00,450000,18,
05/18/2021,XBUY,FTCH,30744W107,"FARFETCH LTD",7794.00,40.210000,313396.74,1.40%,22443840.00,450000,18,
05/18/2021,XBUY,FVRR,M4R82T106,"FIVERR INTL LTD",1792.00,169.910000,304478.72,1.36%,22443840.00,450000,18,
05/18/2021,XBUY,"H24 GR",BZ15FQ9,"HOME24 SE",17954.00,15.000000,327078.63,1.46%,22443840.00,450000,18,
05/18/2021,XBUY,"HFG GR",BYWH8S0,"HELLOFRESH SE",4869.00,69.140000,408854.55,1.82%,22443840.00,450000,18,
05/18/2021,XBUY,IQ,46267X108,"IQIYI INC",20749.00,12.650000,262474.85,1.17%,22443840.00,450000,18,
05/18/2021,XBUY,JD,47215P106,"JD.COM INC",4500.00,68.210000,306945.00,1.37%,22443840.00,450000,18,
05/18/2021,XBUY,JMIA,48138M105,"JUMIA TECHNOLOGIES AG",10606.00,26.120000,277028.72,1.23%,22443840.00,450000,18,
05/18/2021,XBUY,"KGN AU",BYYY339,"KOGAN.COM LTD",40320.00,10.170000,318427.02,1.42%,22443840.00,450000,18,
05/18/2021,XBUY,LITB,53225G102,"LIGHTINTHEBOX HLDG CO LTD",47999.00,2.880000,138237.12,0.62%,22443840.00,450000,18,
05/18/2021,XBUY,MELI,58733R102,"MERCADOLIBRE INC",252.00,1336.780000,336868.56,1.50%,22443840.00,450000,18,
05/18/2021,XBUY,MMYT,V5633W109,"MAKEMYTRIP LIMITED MAURITIUS SHS",13100.00,25.010000,327631.00,1.46%,22443840.00,450000,18,
05/18/2021,XBUY,MOGU,608012100,"MOGU INC",79742.00,1.536000,122483.71,0.55%,22443840.00,450000,18,
05/18/2021,XBUY,MYTE,55406W103,"MYT NETHERLANDS PARENT B V",14580.00,28.620000,417279.60,1.86%,22443840.00,450000,18,
05/18/2021,XBUY,"OCDO LN",B3MBS74,"OCADO GROUP PLC",13463.00,19.660000,373718.77,1.67%,22443840.00,450000,18,
05/18/2021,XBUY,"OTB LN",BYM1K75,"ON THE BEACH GROUP",28890.00,3.600000,146848.53,0.65%,22443840.00,450000,18,
05/18/2021,XBUY,OZON,69269L104,"OZON HLDGS PLC",6642.00,54.390000,361258.38,1.61%,22443840.00,450000,18,
05/18/2021,XBUY,PDD,722304102,"PINDUODUO INC",2628.00,118.020000,310156.56,1.38%,22443840.00,450000,18,
05/18/2021,XBUY,"PRX NA",BJDS7L3,"PROSUS N.V.",3510.00,84.550000,360429.57,1.61%,22443840.00,450000,18,
05/18/2021,XBUY,"SAE GR",BYYH7G9,"SHOP APOTHEKE EURO",1782.00,156.200000,338055.82,1.51%,22443840.00,450000,18,
05/18/2021,XBUY,SE,81141R100,"SEA LTD",1602.00,218.840000,350581.68,1.56%,22443840.00,450000,18,
05/18/2021,XBUY,SHOP,82509L107,"SHOPIFY INC",342.00,1096.390000,374965.38,1.67%,22443840.00,450000,18,
05/18/2021,XBUY,"SRP FP",BYNZ9V3,"SRP GROUPE",47664.00,3.535000,204634.85,0.91%,22443840.00,450000,18,
05/18/2021,XBUY,SY,83356Q108,"SO YOUNG INTERNATIONAL INC",37753.00,8.910000,336379.23,1.50%,22443840.00,450000,18,
05/18/2021,XBUY,TCOM,89677Q107,"TRIP.COM GROUP",9403.00,38.920000,365964.76,1.63%,22443840.00,450000,18,
05/18/2021,XBUY,"THG LN",BMTV739,"THG PLC",41835.00,6.040000,356776.52,1.59%,22443840.00,450000,18,
05/18/2021,XBUY,"TKWY NA",BYQ7HZ6,"JUST EAT TAKEAWAY",3978.00,71.500000,345438.32,1.54%,22443840.00,450000,18,
05/18/2021,XBUY,TOUR,89977P106,"TUNIU CORP",102836.00,2.200000,226239.20,1.01%,22443840.00,450000,18,
05/18/2021,XBUY,TRVG,89686D105,"TRIVAGO N V",92958.00,3.650000,339296.70,1.51%,22443840.00,450000,18,
05/18/2021,XBUY,UXIN,91818X108,"UXIN LTD",255349.00,2.820000,720084.18,3.21%,22443840.00,450000,18,
05/18/2021,XBUY,"VERK FH",BLBP4V9,VERKKOKAUPPA.COM,16128.00,8.290000,162380.82,0.72%,22443840.00,450000,18,
05/18/2021,XBUY,VIPS,92763W103,"VIPSHOP HOLDINGS LIMITED",12376.00,24.310000,300860.56,1.34%,22443840.00,450000,18,
05/18/2021,XBUY,"WEB AU",6015815,"WEBJET LTD",91872.00,4.700000,335312.29,1.49%,22443840.00,450000,18,
05/18/2021,XBUY,YJ,98873N107,"YUNJI INC",169062.00,1.900000,321217.80,1.43%,22443840.00,450000,18,
05/18/2021,XBUY,YTRA,G98338109,"YATRA ONLINE INC",73764.00,1.980000,146052.72,0.65%,22443840.00,450000,18,
05/18/2021,XBUY,"ZAL GR",BQV0SV7,"ZALANDO SE",3791.00,85.400000,393198.04,1.75%,22443840.00,450000,18,
05/18/2021,XBUY,"ZO1 GR",B2R9XL5,"ZOOPLUS AG",1311.00,227.400000,362070.25,1.61%,22443840.00,450000,18,
05/18/2021,XBUY,Cash&Other,Cash&Other,"Cash & Other",10418.67,1.000000,10418.67,0.05%,22443840.00,450000,18,Y
05/18/2021,YYY,ADX,006212104,"ADAMS DIVERSIFIED EQUITY FUND",293101.00,18.950000,5554263.95,1.36%,408857300.00,23900000,478,
05/18/2021,YYY,AWF,01879R106,"ALLIANCEBERNSTEIN GLOBAL HIGH COM",1044206.00,11.910000,12436493.46,3.04%,408857300.00,23900000,478,
05/18/2021,YYY,BCX,09257A108,"BLACKROCK RES & COMMODITIES ST SHS",2185902.00,10.050000,21968315.10,5.37%,408857300.00,23900000,478,
05/18/2021,YYY,BGB,09257R101,"BLACKSTONE STRATEGIC CREDIT FD COM SHS BEN IN",1256938.00,13.550000,17031509.90,4.17%,408857300.00,23900000,478,
05/18/2021,YYY,DLY,25862D105,"DOUBLELINE YIELD OPPORTUNITIES COM",747160.00,19.700000,14719052.00,3.60%,408857300.00,23900000,478,
05/18/2021,YYY,DSL,258622109,"DOUBLELINE INCOME SOLUTIONS FD COM",969645.00,17.880000,17337252.60,4.24%,408857300.00,23900000,478,
05/18/2021,YYY,DSU,09255R202,"BLACKROCK DEBT STRATEGIES FD I COM NEW",890065.00,10.990000,9781814.35,2.39%,408857300.00,23900000,478,
05/18/2021,YYY,EAD,94987B105,"WELLS FARGO ADVANTAGE INCOME O WF INC OPPTY FD",1810742.00,8.500000,15391307.00,3.76%,408857300.00,23900000,478,
05/18/2021,YYY,EMD,95766A101,"WESTERN ASSET EMERGING MKTS DE COM",1134434.00,13.570000,15394269.38,3.77%,408857300.00,23900000,478,
05/18/2021,YYY,ETG,27828S101,"EATON VANCE TX ADV GLBL DIV FD COM",593935.00,20.280000,12045001.80,2.95%,408857300.00,23900000,478,
05/18/2021,YYY,EVT,27828G107,"EATON VANCE TAX ADVT DIV INCM COM",313822.00,27.590000,8658348.98,2.12%,408857300.00,23900000,478,
05/18/2021,YYY,EVV,27828H105,"EATON VANCE LTD DURATION INCOM COM",1280337.00,12.750000,16324296.75,3.99%,408857300.00,23900000,478,
05/18/2021,YYY,GHY,69346J106,"PGIM GLOBAL HIGH YIELD FD FORM COM",1096690.00,15.090000,16549052.10,4.05%,408857300.00,23900000,478,
05/18/2021,YYY,HFRO,43010E404,"HIGHLAND INCOME FD HIGHLAND INCOME",1540895.00,11.480000,17689474.60,4.33%,408857300.00,23900000,478,
05/18/2021,YYY,HIO,95766K109,"WESTERN ASSET HIGH INCOME OPPO COM",2276396.00,5.130000,11677911.48,2.86%,408857300.00,23900000,478,
05/18/2021,YYY,HTD,41013V100,"HANCOCK JOHN TAX-ADVANTAGED DI COM",194187.00,23.930000,4646894.91,1.14%,408857300.00,23900000,478,
05/18/2021,YYY,HYT,09255P107,"BLACKROCK CORPOR HI YLD FD INC COM",298059.00,11.800000,3517096.20,0.86%,408857300.00,23900000,478,
05/18/2021,YYY,ISD,69346H100,"PGIM HIGH YIELD BOND FUND INC COM",1000953.00,15.770000,15785028.81,3.86%,408857300.00,23900000,478,
05/18/2021,YYY,JFR,67072T108,"NUVEEN FLOATING RATE INCOME FD COM",1727195.00,9.590000,16563800.05,4.05%,408857300.00,23900000,478,
05/18/2021,YYY,JQC,67073D102,"NUVEEN CR STRATEGIES INCOME FD COM SHS",2101458.00,6.510000,13680491.58,3.35%,408857300.00,23900000,478,
05/18/2021,YYY,NCV,92838X102,"VIRTUS ALLIANZGI CONVERTIBLE COM",2721074.00,5.560000,15129171.44,3.70%,408857300.00,23900000,478,
05/18/2021,YYY,NFJ,92840R101,"VIRTUS DIVIDEND INTEREST & PR COM",1190788.00,14.310000,17040176.28,4.17%,408857300.00,23900000,478,
05/18/2021,YYY,NHF,65340G205,"NEXPOINT STRATEGIC OPPORTES FD COM NEW",1331872.00,11.780000,15689452.16,3.84%,408857300.00,23900000,478,
05/18/2021,YYY,PCI,72202D106,"PIMCO DYNAMIC CREDIT AND MORTG",466735.00,22.310000,10412857.85,2.55%,408857300.00,23900000,478,
05/18/2021,YYY,PDI,72201Y101,"PIMCO DYNAMIC INCOME FD SHS",309097.00,28.400000,8778354.80,2.15%,408857300.00,23900000,478,
05/18/2021,YYY,RNP,19247X100,"COHEN & STEERS REIT & PFD & IN COM",265923.00,25.150000,6687963.45,1.64%,408857300.00,23900000,478,
05/18/2021,YYY,RQI,19247L106,"COHEN & STEERS QUALITY INCOME COM",545054.00,14.970000,8159458.38,2.00%,408857300.00,23900000,478,
05/18/2021,YYY,USA,530158104,"LIBERTY ALL STAR EQUITY FD SH BEN INT",2313684.00,8.120000,18787114.08,4.60%,408857300.00,23900000,478,
05/18/2021,YYY,VTA,46132R104,"INVESCO DYNAMIC CR OPPORTUNITI COM",1517306.00,11.580000,17570403.48,4.30%,408857300.00,23900000,478,
05/18/2021,YYY,VVR,46131H107,"INVESCO SR INCOME TR COM",4068341.00,4.240000,17249765.84,4.22%,408857300.00,23900000,478,
05/18/2021,YYY,Cash&Other,Cash&Other,"Cash & Other",6595393.73,1.000000,6595393.73,1.61%,408857300.00,23900000,478,Y
